scale,1.05,,scale,1.04,,scale,1.03,,scale,1.02,,scale,1.01,,scale,0.99,,scale,0.98,,scale,0.97,,scale,0.96,,scale,0.95,
,B,-0.012471064829154865,,B,-0.012471790669956335,,B,-0.012472516737313243,,B,-0.01247324310749844,,B,-0.012473969242780287,,B,-0.012475422164626482,,B,-0.01247614829337714,,B,-0.012476874734036806,,B,-0.01247760139622994,,B,-0.012478328126708358
,B_2,-0.009911548601957856,,B_2,-0.009913594090131787,,B_2,-0.009915640364648117,,B_2,-0.00991768757690395,,B_2,-0.009919735557582124,,B_2,-0.009923833858351307,,B_2,-0.009925884061106137,,B_2,-0.00992793563673874,,B_2,-0.009929987591087886,,B_2,-0.009932040571915813
,B_P1,0.6014019054681485,,B_P1,0.6038936240670583,,B_P1,0.6064301376528837,,B_P1,0.6089644645502811,,B_P1,0.6115153382715167,,B_P1,0.6167416637751635,,B_P1,0.6193220331456714,,B_P1,0.6219583586742462,,B_P1,0.6246115824807369,,B_P1,0.6272829726592043
,C_L,0.7461192577176681,,C_L,0.7542931359061531,,C_L,0.762644607401971,,C_L,0.7711079770382527,,C_L,0.7806354774911417,,C_L,0.7988243523780006,,C_L,0.8081830241363241,,C_L,0.8178148447298581,,C_L,0.8276445885049287,,C_L,0.8378178559730509
,N,-1.8770109167670634,,N,-1.8923710126763842,,N,-1.9079118020507841,,N,-1.9236815893933727,,N,-1.9396733726319888,,N,-1.9722423264217606,,N,-1.9889555347027146,,N,-2.0058504239091564,,N,-2.0229897892292574,,N,-2.0403843900684904
,N_fraca,0.004008664443205497,,N_fraca,0.004008649668104764,,N_fraca,0.004008634934089884,,N_fraca,0.004008620387114732,,N_fraca,0.0040086057502621095,,N_fraca,0.0040085756823678015,,N_fraca,0.004008560889962018,,N_fraca,0.0040085458503816415,,N_fraca,0.0040085309772873836,,N_fraca,0.004008516187536519
,N_fracc,0.12326692855193001,,N_fracc,0.12326265276555598,,N_fracc,0.12325668255557372,,N_fracc,0.12325391352706022,,N_fracc,0.12324961705943682,,N_fracc,0.12324104810856808,,N_fracc,0.12323667844993383,,N_fracc,0.12323227365692384,,N_fracc,0.12322892082678485,,N_fracc,0.12322403068815077
,a_11,0.03811639006639622,,a_11,0.038136394435802294,,a_11,0.038156423868613225,,a_11,0.03817647819688999,,a_11,0.03819655786099841,,a_11,0.038236792183145976,,a_11,0.03825694782450147,,a_11,0.038277128409649835,,a_11,0.03829733435467283,,a_11,0.03831756579919755
,a_12,0.001153657646254652,,a_12,0.0011536740387150096,,a_12,0.001153690188764905,,a_12,0.001153706626478719,,a_12,0.0011537231708801617,,a_12,0.0011537557558287035,,a_12,0.0011537716983560015,,a_12,0.0011537882466900171,,a_12,0.001153804635330409,,a_12,0.0011538209296410352
,a_16,0.0055126713504573014,,a_16,0.00551330414912044,,a_16,0.005513937100933887,,a_16,0.005514570140472284,,a_16,0.005515203490216151,,a_16,0.0055164710691968525,,a_16,0.005517104923228166,,a_16,0.0055177390446282054,,a_16,0.005518373642169793,,a_16,0.005519008444148553
,a_17,0.006282140726630071,,a_17,0.006282992096329703,,a_17,0.0062838437734941315,,a_17,0.006284695703651163,,a_17,0.006285548004838607,,a_17,0.006287253706878547,,a_17,0.006288107609263955,,a_17,0.006288961319265149,,a_17,0.0062898156606824235,,a_17,0.006290670144900582
,a_18,0.20949760083003027,,a_18,0.21041692402641854,,a_18,0.2113490808278784,,a_18,0.21229433896419359,,a_18,0.21325297480981859,,a_18,0.2152115171403118,,a_18,0.2162120148259159,,a_18,0.2172270711258048,,a_18,0.21825700207717608,,a_18,0.2193021333794398
,a_19,0.22309444704492332,,a_19,0.23317350640017398,,a_19,0.24346881539831622,,a_19,0.25399162936513947,,a_19,0.26478438242300445,,a_19,0.28711007180402476,,a_19,0.29862679411129767,,a_19,0.3104173612915589,,a_19,0.32245924782620883,,a_19,0.3347853369002825
,a_1a,-0.0009589759547098327,,a_1a,-0.0009589808080273799,,a_1a,-0.0009589853145417026,,a_1a,-0.0009589900365015141,,a_1a,-0.0009589949161569019,,a_1a,-0.0009590047410567488,,a_1a,-0.0009590089322867509,,a_1a,-0.0009590135713969053,,a_1a,-0.0009590184522779737,,a_1a,-0.0009590230303388394
,a_2,-1.2965843944225038e-06,,a_2,-1.2965840063624947e-06,,a_2,-1.2965848841172772e-06,,a_2,-1.2965852450361846e-06,,a_2,-1.2965808014025976e-06,,a_2,-1.2965814250704694e-06,,a_2,-1.2965816329597602e-06,,a_2,-1.2965626919355037e-06,,a_2,-1.2965673925433529e-06,,a_2,-1.2965702198377053e-06
,a_20,0.6675852540654443,,a_20,0.6675113997697044,,a_20,0.6674251510233474,,a_20,0.6673628750278716,,a_20,0.6672346009786181,,a_20,0.6670900713989956,,a_20,0.6669719542196555,,a_20,0.6668551985165366,,a_20,0.6667430289596321,,a_20,0.6666000909830033
,a_23,-0.02246981497200379,,a_23,-0.022473103083949536,,a_23,-0.02247639254041119,,a_23,-0.022479683055823353,,a_23,-0.022482974517016294,,a_23,-0.022489561518051468,,a_23,-0.022492855921163717,,a_23,-0.022496152007676826,,a_23,-0.022499449330897335,,a_23,-0.022502747562580187
,a_30,-2.25769390063111,,a_30,-2.2537652958550853,,a_30,-2.2494239103673883,,a_30,-2.2446893065382114,,a_30,-2.2395729525292003,,a_30,-2.2280439071881535,,a_30,-2.221760378341702,,a_30,-2.215082280390946,,a_30,-2.2080251690208326,,a_30,-2.2006057162129666
,a_31,-0.4192599554416527,,a_31,-0.4204051653878852,,a_31,-0.4215580876427115,,a_31,-0.4227188209104491,,a_31,-0.4238874645874895,,a_31,-0.42624889340550615,,a_31,-0.4274418877217588,,a_31,-0.42864321282453927,,a_31,-0.4298529627653623,,a_31,-0.43107128619084456
,a_32,-1.7142047757387073,,a_32,-1.7105472115775138,,a_32,-1.706746395028815,,a_32,-1.7028362749460177,,a_32,-1.6988116186361457,,a_32,-1.6903591978916952,,a_32,-1.6860370137908693,,a_32,-1.6815532171956893,,a_32,-1.6769993199841253,,a_32,-1.6723421870798951
,a_33,-0.49045785634200134,,a_33,-0.48988847050854595,,a_33,-0.48931922937074607,,a_33,-0.4887596918258593,,a_33,-0.48817784535320496,,a_33,-0.48700304437065123,,a_33,-0.4864212767835458,,a_33,-0.4858323125755655,,a_33,-0.4852592531272116,,a_33,-0.4846765785660431
,a_3a,-0.006347098477248673,,a_3a,-0.006347185576333718,,a_3a,-0.006347272674456697,,a_3a,-0.006347359630420937,,a_3a,-0.006347447132314004,,a_3a,-0.006347620628937429,,a_3a,-0.006347707772256118,,a_3a,-0.0063477949733218315,,a_3a,-0.0063478819424148585,,a_3a,-0.006347968941432393
,a_3a2,0.00010290217853945895,,a_3a2,0.00010290257485960257,,a_3a2,0.00010290272828189906,,a_3a2,0.00010290284249107808,,a_3a2,0.00010290320133397986,,a_3a2,0.00010290275541145148,,a_3a2,0.000102903319103263,,a_3a2,0.00010290357828923606,,a_3a2,0.00010290382577710552,,a_3a2,0.00010290389396565904
,a_3ac,-0.0010830809224344432,,a_3ac,-0.0010830812355971382,,a_3ac,-0.0010830815278346211,,a_3ac,-0.001083081783394081,,a_3ac,-0.001083081943694048,,a_3ac,-0.0010830825936945635,,a_3ac,-0.001083082830393845,,a_3ac,-0.0010830830616475819,,a_3ac,-0.0010830833480511717,,a_3ac,-0.0010830835869757348
,a_4a,-0.0002613762814039526,,a_4a,-0.00026137655942036443,,a_4a,-0.00026137719381618985,,a_4a,-0.0002613778478705463,,a_4a,-0.0002613780168672155,,a_4a,-0.0002613790461444175,,a_4a,-0.00026137927145309823,,a_4a,-0.00026137970105342994,,a_4a,-0.00026138008794261816,,a_4a,-0.0002613805439174599
,a_5a,-0.2784060377922339,,a_5a,-0.2789155831627394,,a_5a,-0.2794271153893558,,a_5a,-0.2799406473757073,,a_5a,-0.2804561978072212,,a_5a,-0.2814933344348649,,a_5a,-0.28201498012584336,,a_5a,-0.28253868721462577,,a_5a,-0.2830644680983304,,a_5a,-0.28359233629675407
,a_5b,-0.5348518516542891,,a_5b,-0.5367730419285676,,a_5b,-0.5387091086758687,,a_5b,-0.5406602372954697,,a_5b,-0.5426266211560837,,a_5b,-0.546605856355338,,a_5b,-0.5486191338180053,,a_5b,-0.5506484439422188,,a_5b,-0.552693992528939,,a_5b,-0.5547559882334151
,a_5c,-0.021778418158229167,,a_5c,-0.021781174328476198,,a_5c,-0.02178393101566363,,a_5c,-0.021786688314226036,,a_5c,-0.021789445832105864,,a_5c,-0.021794964603376217,,a_5c,-0.02179772442286768,,a_5c,-0.021800485292742883,,a_5c,-0.021803246642731186,,a_5c,-0.02180600872598717
,a_7,-0.2905643229535478,,a_7,-0.29100459582109933,,a_7,-0.29144608441262543,,a_7,-0.2918887931650865,,a_7,-0.2923327265379502,,a_7,-0.29322428728895994,,a_7,-0.2936719238168765,,a_7,-0.29412079590666335,,a_7,-0.2945709273281393,,a_7,-0.29502231026977765
,a_8,-1.133754629401152e-06,,a_8,-1.1337263989016917e-06,,a_8,-1.1335825120827474e-06,,a_8,-1.1338048901019802e-06,,a_8,-1.133809532962804e-06,,a_8,-1.1335729203018665e-06,,a_8,-1.1337423500737195e-06,,a_8,-1.1337332375931475e-06,,a_8,-1.133872263556248e-06,,a_8,-1.1337034539874451e-06
,a_P1,0.4779288879637662,,a_P1,0.4796849326428345,,a_P1,0.4814471775673833,,a_P1,0.48323239840657184,,a_P1,0.4850293825632617,,a_P1,0.48867860601712765,,a_P1,0.49051671109672,,a_P1,0.4923503449703399,,a_P1,0.49420811943399545,,a_P1,0.49608182339333523
,c,-0.0007257972557007863,,c,-0.0007323668520591794,,c,-0.0007390565469593061,,c,-0.000745869336428861,,c,-0.0007528092403884087,,c,-0.0007670835845704587,,c,-0.0007744256647417149,,c,-0.0007819096829257327,,c,-0.0007895397431039773,,c,-0.0007973200932177832
,c_10,0.2408118395030917,,c_10,0.24140778565519477,,c_10,0.24200654385471645,,c_10,0.2426090435968612,,c_10,0.24321537659149156,,c_10,0.24443951851407897,,c_10,0.24505744772225796,,c_10,0.24567934356361731,,c_10,0.24630525199424588,,c_10,0.2469352196373735
,c_15,1.2347168706928452e-06,,c_15,1.2465855015710214e-06,,c_15,1.2586822892132396e-06,,c_15,1.2710403373904139e-06,,c_15,1.2836239627720154e-06,,c_15,1.3095528852478253e-06,,c_15,1.3229186507751054e-06,,c_15,1.3365548109730488e-06,,c_15,1.3504750692107277e-06,,c_15,1.3646892551867677e-06
,c_23,0.013529171391327113,,c_23,0.013610223366150349,,c_23,0.013692256904508315,,c_23,0.013775290336229304,,c_23,0.013859342418267492,,c_23,0.01403057770086571,,c_23,0.014117800369588695,,c_23,0.014206120313161269,,c_23,0.014295558422187684,,c_23,0.01438613580968601
,c_230,0.17826056631614576,,c_230,0.17863932845769867,,c_230,0.1790189196441858,,c_230,0.17940022256053934,,c_230,0.1797830857237451,,c_230,0.18055713658638328,,c_230,0.1809484195092974,,c_230,0.18118999526117827,,c_230,0.18162500354899683,,c_230,0.18204683832922125
,c_4,0.2590077327846341,,c_4,0.2619350769407886,,c_4,0.2649152994975219,,c_4,0.26794734854311214,,c_4,0.27106919278517,,c_4,0.27752685712024033,,c_4,0.28081519698871404,,c_4,0.28419472908846777,,c_4,0.2876564127693568,,c_4,0.2911946283530399
,c_52,1.4199825085052267,,c_52,1.4490834910388541,,c_52,1.4786709644690184,,c_52,1.5087360669371868,,c_52,1.5393103557622565,,c_52,1.6018202628041778,,c_52,1.6337542542180858,,c_52,1.666091543354124,,c_52,1.6988148410713855,,c_52,1.7319619290278248
,c_5a,0.2692642383189406,,c_5a,0.2713848238442476,,c_5a,0.2735391857944831,,c_5a,0.2757281396938054,,c_5a,0.277952529142802,,c_5a,0.28251114454488485,,c_5a,0.28484716538494975,,c_5a,0.2872222884672335,,c_5a,0.28963750066497995,,c_5a,0.2920938284876326
,c_5b,0.5264795389812569,,c_5b,0.5297264603096855,,c_5b,0.5330146711879882,,c_5b,0.5363449814926293,,c_5b,0.539718223570491,,c_5b,0.5465969668972188,,c_5b,0.5501042142078296,,c_5b,0.5536579619409251,,c_5b,0.5572591569704678,,c_5b,0.5609087778146697
,c_8,1.2079496622482302,,c_8,1.2113632965708248,,c_8,1.2147950849949993,,c_8,1.2182450979166906,,c_8,1.2217133447651154,,c_8,1.2287047585722453,,c_8,1.232227953708135,,c_8,1.235769526701419,,c_8,1.2393294874795295,,c_8,1.2429078422090885
,c_9,1.2890746176647798,,c_9,1.2869014119713944,,c_9,1.2847147116008235,,c_9,1.2825066294320713,,c_9,1.2803141069324024,,c_9,1.2759081732300153,,c_9,1.2736648675711615,,c_9,1.2714173639067665,,c_9,1.2691692608066787,,c_9,1.2669135287013114
,c_T,0.0,,c_T,0.0,,c_T,0.0,,c_T,0.0,,c_T,0.0,,c_T,-0.0,,c_T,-0.0,,c_T,-0.0,,c_T,-0.0,,c_T,-0.0
,c_T1,0.09149448674459837,,c_T1,0.0917098020468888,,c_T1,0.09192030807423952,,c_T1,0.09213082716256407,,c_T1,0.09235929927269268,,c_T1,0.09282272013805136,,c_T1,0.0930400025389941,,c_T1,0.09325669878911187,,c_T1,0.0934820042631423,,c_T1,0.09371364224195501
,c_c,-0.0011848647407578254,,c_c,-0.0011949958347224757,,c_c,-0.0012053017462980056,,c_c,-0.0012157868389437647,,c_c,-0.0012264562846941035,,c_c,-0.0012483663218941295,,c_c,-0.0012596177319284863,,c_c,-0.0012710737026571824,,c_c,-0.0012827399119741784,,c_c,-0.0012946222538674228
,d_7,0.003128337538291159,,d_7,0.0031285942480247333,,d_7,0.003128851078893664,,d_7,0.003129108022209046,,d_7,0.0031293653986097934,,d_7,0.003129879155361723,,d_7,0.0031301361872725915,,d_7,0.003130393613064369,,d_7,0.003130650924941477,,d_7,0.003130908335957524
,f_1,0.03920034430373439,,f_1,0.03922152895758121,,f_1,0.03924274091637664,,f_1,0.03926397999264093,,f_1,0.039285246187041066,,f_1,0.039327861373537575,,f_1,0.039349210599041645,,f_1,0.03937058706489159,,f_1,0.03939199082128833,,f_1,0.039413422683243646
,f_2,-5.696419905811514e-05,,f_2,-5.747649420194354e-05,,f_2,-5.799818441776385e-05,,f_2,-5.852911670858645e-05,,f_2,-5.9070296197476304e-05,,f_2,-6.018230817451163e-05,,f_2,-6.075468766215117e-05,,f_2,-6.133772960671598e-05,,f_2,-6.193222344613207e-05,,f_2,-6.253831803173012e-05
,f_4,0.0020990671414617265,,f_4,0.002099186273832496,,f_4,0.002099305371451683,,f_4,0.00209942449486791,,f_4,0.0020995440271734975,,f_4,0.0020997824257247104,,f_4,0.002099901814309502,,f_4,0.002100020975544256,,f_4,0.0021001401282367805,,f_4,0.0021002596179761695
,f_6,-8.738736935476035e-05,,f_6,-8.741162714704666e-05,,f_6,-8.743606217419275e-05,,f_6,-8.746016733011959e-05,,f_6,-8.748454673244367e-05,,f_6,-8.753342945643316e-05,,f_6,-8.75578048568884e-05,,f_6,-8.758204400323776e-05,,f_6,-8.760646759936021e-05,,f_6,-8.763080804323124e-05
,f_7,0.006529982705210545,,f_7,0.0065306306957396065,,f_7,0.006531278896306148,,f_7,0.0065319270844339805,,f_7,0.00653257585137757,,f_7,0.0065338725753627215,,f_7,0.006534521133628774,,f_7,0.00653517034977781,,f_7,0.006535819470345414,,f_7,0.006536468577977108
,f_8,0.06347771289809274,,f_8,0.06348231825263946,,f_8,0.06348691807581808,,f_8,0.06349149986393664,,f_8,0.06349606913053096,,f_8,0.06350517047256808,,f_8,0.06350970234589048,,f_8,0.06351422202274667,,f_8,0.06351872919264098,,f_8,0.06352322383841302
,f_9,-0.0005382184259004937,,f_9,-0.0005402671322760045,,f_9,-0.0005423313996494154,,f_9,-0.0005444117159360256,,f_9,-0.0005465082325442036,,f_9,-0.0005507501105274299,,f_9,-0.0005528958585505723,,f_9,-0.0005550586194998715,,f_9,-0.0005572383903262848,,f_9,-0.0005594353583484573
,k_14a,-0.324045906702948,,k_14a,-0.32297802307384477,,k_14a,-0.3219002537592003,,k_14a,-0.32082598513861343,,k_14a,-0.3197643990855731,,k_14a,-0.31754592090961853,,k_14a,-0.31643748731407756,,k_14a,-0.31534998561497496,,k_14a,-0.31424187915069407,,k_14a,-0.3131181024097177
,k_14b,0.000998972216157467,,k_14b,0.0009989854002866562,,k_14b,0.000998998621343913,,k_14b,0.0009990119002030548,,k_14b,0.0009990252080281045,,k_14b,0.000999051713098425,,k_14b,0.0009990647858786454,,k_14b,0.000999077801679876,,k_14b,0.0009990910549989524,,k_14b,0.0009991043003749252
,k_15,-2.8614282920101847e-05,,k_15,-2.8614386577166973e-05,,k_15,-2.861439646345768e-05,,k_15,-2.8614178843793322e-05,,k_15,-2.8614116338413276e-05,,k_15,-2.8614575877690187e-05,,k_15,-2.8614438402234712e-05,,k_15,-2.861455079238245e-05,,k_15,-2.8614405880553814e-05,,k_15,-2.8614391642736017e-05
,k_17,1.0917644554267099,,k_17,1.0903220352556324,,k_17,1.0888566492766263,,k_17,1.0873660421175744,,k_17,1.085901985982586,,k_17,1.082898426638252,,k_17,1.0813635143545592,,k_17,1.0798218467376164,,k_17,1.0782494621122276,,k_17,1.076671270588737
,k_18,-0.020532094815319882,,k_18,-0.02053216554573923,,k_18,-0.020532235907365286,,k_18,-0.020532306247151418,,k_18,-0.020532376315959635,,k_18,-0.020532515906307513,,k_18,-0.020532585510448516,,k_18,-0.020532654613818868,,k_18,-0.020532723786944738,,k_18,-0.020532779459469817
,k_2,-1.2071452165724896,,k_2,-1.2207338386236906,,k_2,-1.2346237314067519,,k_2,-1.2488259784683355,,k_2,-1.2633467407598264,,k_2,-1.2933210571429017,,k_2,-1.3088247029376403,,k_2,-1.324713245046821,,k_2,-1.3409573159814288,,k_2,-1.3575781101110092
,k_3,-1.2011721657452505,,k_3,-1.2095660191542148,,k_3,-1.2180755152286071,,k_3,-1.226703106587451,,k_3,-1.235451324790863,,k_3,-1.2533200487997305,,k_3,-1.262446022230866,,k_3,-1.2717034745708455,,k_3,-1.28109536719733,,k_3,-1.2906246954043665
,k_4,0.5574625357161636,,k_4,0.5580306513759946,,k_4,0.5585989200822126,,k_4,0.5591673270560208,,k_4,0.5597358575106395,,k_4,0.5608732497406964,,k_4,0.5614420469087167,,k_4,0.5620109125276931,,k_4,0.5625798241243471,,k_4,0.5631487647415451
,k_52,-1.867936867964188,,k_52,-1.8503773396072574,,k_52,-1.8321502399537004,,k_52,-1.813208328042498,,k_52,-1.7935523924668786,,k_52,-1.7522481686603109,,k_52,-1.7306087853559435,,k_52,-1.7083730455658326,,k_52,-1.6855109867271716,,k_52,-1.662038846210155
,k_6,-0.6574586191195777,,k_6,-0.659465225390561,,k_6,-0.6614833550918112,,k_6,-0.6635121818572579,,k_6,-0.6655518129450718,,k_6,-0.6696638983798728,,k_6,-0.6717365920576474,,k_6,-0.6738205556674333,,k_6,-0.6759148072765931,,k_6,-0.6780228845220047
,k_7,6.392150980451772e-05,,k_7,6.392155454489167e-05,,k_7,6.392154245699564e-05,,k_7,6.392152738502207e-05,,k_7,6.392134650401512e-05,,k_7,6.39216593947216e-05,,k_7,6.392141990625881e-05,,k_7,6.392160383630869e-05,,k_7,6.392161895592356e-05,,k_7,6.392149166964194e-05
,k_C,1.1369012127912503,,k_C,1.14621941409577,,k_C,1.1556834544403567,,k_C,1.1652867273349439,,k_C,1.1750234318724235,,k_C,1.1950029242534097,,k_C,1.2052165436799394,,k_C,1.2155656242074764,,k_C,1.2260925525843236,,k_C,1.2367829593120714
,k_CL,0.690350659701114,,k_CL,0.6928092489847966,,k_CL,0.6952777088536908,,k_CL,0.6977560478711395,,k_CL,0.70024427391619,,k_CL,0.705250436157223,,k_CL,0.7077683524343799,,k_CL,0.710296188427483,,k_CL,0.7128339547308568,,k_CL,0.7153824247060276
,k_M,-1.1235498762762253,,k_M,-1.1257046090986391,,k_M,-1.1278381901932484,,k_M,-1.1299808895819439,,k_M,-1.1321079760787618,,k_M,-1.1363077871538367,,k_M,-1.1384436087332184,,k_M,-1.1405478373973685,,k_M,-1.142635183128203,,k_M,-1.1447347793887424
,m,-2.309849319073806,,m,-2.30401204328641,,m,-2.2976847287242377,,m,-2.2908484764740593,,m,-2.283523689698125,,m,-2.267390288803881,,m,-2.2586063169272896,,m,-2.249393751102365,,m,-2.2397285993719085,,m,-2.229608827417911
,s,-2.219653947940797e-07,,s,-2.2367711796619113e-07,,s,-2.2545792217210443e-07,,s,-2.271099981531811e-07,,s,-2.2898570526393684e-07,,s,-2.3274169304984189e-07,,s,-2.3447270921432796e-07,,s,-2.3646899788834424e-07,,s,-2.384287687873177e-07,,s,-2.404419296984134e-07
,s_1,1.8877214776107458,,s_1,1.8879316913498798,,s_1,1.8881146048782673,,s_1,1.888274403200391,,s_1,1.8884056553407473,,s_1,1.8885839567055454,,s_1,1.8886293740269826,,s_1,1.8886337573518315,,s_1,1.8886215957879766,,s_1,1.8885693595002897
,s_10,0.19488141433929224,,s_10,0.195627783797173,,s_10,0.19638067379330115,,s_10,0.19714019479973657,,s_10,0.19790642701553773,,s_10,0.19945943702662844,,s_10,0.20024641670346802,,s_10,0.20104051826309413,,s_10,0.201841846535323,,s_10,0.20265051076580973
,s_12,-0.7118938937412375,,s_12,-0.7144049457154281,,s_12,-0.7169187300935052,,s_12,-0.7196448161445024,,s_12,-0.7222341965573021,,s_12,-0.727471197114816,,s_12,-0.7301290879445772,,s_12,-0.7328025023053854,,s_12,-0.7354904560359171,,s_12,-0.7382135304084475
,s_2,-4.225960953549348e-06,,s_2,-4.228809464736262e-06,,s_2,-4.2318393789632274e-06,,s_2,-4.234554364013718e-06,,s_2,-4.2371856967235445e-06,,s_2,-4.243910499496432e-06,,s_2,-4.246281606786729e-06,,s_2,-4.249208696660673e-06,,s_2,-4.251914167888767e-06,,s_2,-4.255015023758686e-06
,s_4,0.02064557120384694,,s_4,0.020658369811492133,,s_4,0.020671184948921843,,s_4,0.0206840168033473,,s_4,0.02069686505228025,,s_4,0.020722611304549936,,s_4,0.020735510006325394,,s_4,0.020748425074664553,,s_4,0.020761356893651543,,s_4,0.020774305492978155
,s_4b,0.058188461937112114,,s_4b,0.058716827573147334,,s_4b,0.05925485679830916,,s_4b,0.059802817516094516,,s_4b,0.06036098635827721,,s_4b,0.06150911039850695,,s_4b,0.06209967411911932,,s_4b,0.06270166447188791,,s_4b,0.0633154147514243,,s_4b,0.06394127314861257
,s_4b1,3.5635604314549254,,s_4b1,3.6264890187949383,,s_4b1,3.6903908834566423,,s_4b1,3.755175787124164,,s_4b1,3.8207704139301497,,s_4b1,3.9540880901556497,,s_4b1,4.021317962986958,,s_4b1,4.088881997895073,,s_4b1,4.156290189905375,,s_4b1,4.223371911720256
,s_4b2,0.9712386434438344,,s_4b2,0.9781039542768794,,s_4b2,0.9850486149236481,,s_4b2,0.9920783474730013,,s_4b2,0.9991893146783398,,s_4b2,1.0136633022886805,,s_4b2,1.0210279718963249,,s_4b2,1.0284674547601673,,s_4b2,1.0360093805934218,,s_4b2,1.043635522323668
,s_6,0.000202485862461559,,s_6,0.00020430547173086458,,s_6,0.00020615792653851515,,s_6,0.00020804447086024373,,s_6,0.00020996514047466342,,s_6,0.00021391660013329202,,s_6,0.00021594866064959017,,s_6,0.00021801931934103467,,s_6,0.0002201304102632507,,s_6,0.00022228261029077538
,s_7,0.05684328844994677,,s_7,0.056869769783633665,,s_7,0.056896278059825174,,s_7,0.05692281289822334,,s_7,0.056949374401529834,,s_7,0.05700257909976408,,s_7,0.05702922182803234,,s_7,0.057055891506964315,,s_7,0.057082588215739805,,s_7,0.05710931210530896
,s_8,-0.1559655560347678,,s_8,-0.156309110069963,,s_8,-0.15665396759439795,,s_8,-0.1570001339938691,,s_8,-0.1573476169750837,,s_8,-0.15804655386544922,,s_8,-0.15839802088445396,,s_8,-0.15875082892907322,,s_8,-0.15910498469909812,,s_8,-0.15946049405872256
,s_L,0.33240511824592484,,s_L,0.3345419444170793,,s_L,0.3367063420672806,,s_L,0.33889884729870634,,s_L,0.34112000965935957,,s_L,0.34565060041224244,,s_L,0.34796116846673825,,s_L,0.35030274927873095,,s_L,0.3526759643933046,,s_L,0.35508145593088675
,s_P1,-0.18608437917888224,,s_P1,-0.18657829893600802,,s_P1,-0.18707809979970513,,s_P1,-0.18757065121367777,,s_P1,-0.18806732683270141,,s_P1,-0.18906932733164114,,s_P1,-0.18957499957359103,,s_P1,-0.1900837524999245,,s_P1,-0.19059523700369768,,s_P1,-0.19111311360703417
,s_g,-0.9665359741168001,,s_g,-0.9694461665123477,,s_g,-0.9723554010805385,,s_g,-0.9752687881166396,,s_g,-0.9781851203090488,,s_g,-0.984026053364975,,s_g,-0.9869504963234266,,s_g,-0.9898773710974611,,s_g,-0.9928068205844558,,s_g,-0.9957382211541518
,sr_1b,-0.9985973796976445,,sr_1b,-1.001433098060027,,sr_1b,-1.0042629984749238,,sr_1b,-1.0071046782949966,,sr_1b,-1.009930746205734,,sr_1b,-1.0155698208169464,,sr_1b,-1.0183823961496723,,sr_1b,-1.0211883868550486,,sr_1b,-1.0239922903417533,,sr_1b,-1.0267889860724961
,sr_3b,-1.8773823069214648,,sr_3b,-1.872545789054694,,sr_3b,-1.867631198574402,,sr_3b,-1.8626022110307323,,sr_3b,-1.8574608963860864,,sr_3b,-1.8469215141483213,,sr_3b,-1.8415079789835833,,sr_3b,-1.8360483130449785,,sr_3b,-1.8305083933552704,,sr_3b,-1.8249015225651122
,sr_3b2,0.0073052173068559895,,sr_3b2,0.007306037174865335,,sr_3b2,0.007306857332616337,,sr_3b2,0.007307677763246575,,sr_3b2,0.007308498835919788,,sr_3b2,0.007310141515281829,,sr_3b2,0.0073109635030577155,,sr_3b2,0.007311785485515098,,sr_3b2,0.007312608044484133,,sr_3b2,0.007313430776070575
,sr_3bc,-2.1460635036288607,,sr_3bc,-2.1389078141018025,,sr_3bc,-2.131375130617993,,sr_3bc,-2.123441136482052,,sr_3bc,-2.1151235822802645,,sr_3bc,-2.09735097272841,,sr_3bc,-2.0879160504464718,,sr_3bc,-2.0781658771910982,,sr_3bc,-2.0680835856755238,,sr_3bc,-2.0576669567362615
,sr_4b,-0.06209289205326385,,sr_4b,-0.06212361309575474,,sr_4b,-0.06215436368975392,,sr_4b,-0.06218514393324565,,sr_4b,-0.062215954372991794,,sr_4b,-0.06227766549308465,,sr_4b,-0.062308566176852896,,sr_4b,-0.06233949677037522,,sr_4b,-0.062370457424501285,,sr_4b,-0.062401448544724354
,sr_C,-1.1743396998117244,,sr_C,-1.1761511070663992,,sr_C,-1.178055592925085,,sr_C,-1.1799430400631643,,sr_C,-1.1818556801449747,,sr_C,-1.1855779019763923,,sr_C,-1.186686067471321,,sr_C,-1.1886577534792788,,sr_C,-1.1905769927931291,,sr_C,-1.192422411912858
,sr_P1,0.08376158100036214,,sr_P1,0.08380229505351385,,sr_P1,0.0838429258959418,,sr_P1,0.08388101936570311,,sr_P1,0.08392408455724056,,sr_P1,0.08400597661386089,,sr_P1,0.08404695489732054,,sr_P1,0.08408915305229284,,sr_P1,0.08412901487644608,,sr_P1,0.08416714436770795
,sr_m,-2.0417201206548996,,sr_m,-2.0671783792075633,,sr_m,-2.0931740205020097,,sr_m,-2.119720184686546,,sr_m,-2.1468330153633706,,sr_m,-2.202826209681432,,sr_m,-2.2317419938677694,,sr_m,-2.2612953313253716,,sr_m,-2.291504507616927,,sr_m,-2.3223932976813098
,u_MA,0.6768537342856757,,u_MA,0.6780452726230589,,u_MA,0.6792418469517046,,u_MA,0.6804435030363675,,u_MA,0.6816502773239335,,u_MA,0.6840793530775592,,u_MA,0.6853016954633168,,u_MA,0.6865293147333071,,u_MA,0.6877622438182857,,u_MA,0.6890005204134761
,u_MI,-0.031670560370884504,,u_MI,-0.031668353075856144,,u_MI,-0.031666143584480895,,u_MI,-0.03166393249874204,,u_MI,-0.03166171949938226,,u_MI,-0.031657288424318066,,u_MI,-0.0316550366517779,,u_MI,-0.0316528266362329,,u_MI,-0.03165061009844004,,u_MI,-0.031647456570522425
,u_MR,2.263948620984554,,u_MR,2.2521853513164234,,u_MR,2.2403785606657736,,u_MR,2.2285251414308656,,u_MR,2.216626781314541,,u_MR,2.192697330191532,,u_MR,2.1806673731402064,,u_MR,2.1685947584475747,,u_MR,2.156480117861957,,u_MR,2.144326559889673
,u_P1,-1.1753030112469136,,u_P1,-1.1772232595109042,,u_P1,-1.1791503733096922,,u_P1,-1.1810740776359183,,u_P1,-1.1829675289157333,,u_P1,-1.1867029099351518,,u_P1,-1.1885734258961187,,u_P1,-1.1904280025066996,,u_P1,-1.1922704123290309,,u_P1,-1.19409877798718
,u_T0,0.6118453525942471,,u_T0,0.6163563459545073,,u_T0,0.620931478382923,,u_T0,0.6255729844344005,,u_T0,0.6302822665751632,,u_T0,0.6399097959795128,,u_T0,0.6448309600343893,,u_T0,0.6498257502078008,,u_T0,0.6548957252297367,,u_T0,0.6600360232070942
,u_T1,2.3127252858923653,,u_T1,2.337009792104646,,u_T1,2.361627879153995,,u_T1,2.386565391179609,,u_T1,2.411855301970843,,u_T1,2.4633237607112477,,u_T1,2.4895025282073697,,u_T1,2.5159530953303286,,u_T1,2.542621891621312,,u_T1,2.5695503981680905
,u_T2,-0.007082276020344712,,u_T2,-0.007149558347899158,,u_T2,-0.007218131783475878,,u_T2,-0.007288033143816086,,u_T2,-0.0073593013965806055,,u_T2,-0.0075061044373392295,,u_T2,-0.007581724327482362,,u_T2,-0.0076588835092660885,,u_T2,-0.00773762948976332,,u_T2,-0.007818011631885061
,u_T8,0.6597616816080352,,u_T8,0.6636472600603927,,u_T8,0.6675810738558269,,u_T8,0.671564137240912,,u_T8,0.6755976522848324,,u_T8,0.6838195657383497,,u_T8,0.6880100162887405,,u_T8,0.6922591089496896,,u_T8,0.696556319515255,,u_T8,0.7009069104268958
,u_T80,0.2743683817261772,,u_T80,0.2765759382460486,,u_T80,0.2788191861918671,,u_T80,0.2810989706121621,,u_T80,0.28341621603670863,,u_T80,0.28816675139509823,,u_T80,0.29060199898600175,,u_T80,0.2930785842993778,,u_T80,0.2955975631294044,,u_T80,0.2981600282872662
,u_TNF,4.498998362394856,,u_TNF,4.567207869026761,,u_TNF,4.63512163676804,,u_TNF,4.70254020200506,,u_TNF,4.7692414407219585,,u_TNF,4.899483973628323,,u_TNF,4.962115533460213,,u_TNF,5.022771249574539,,u_TNF,5.080746380172872,,u_TNF,5.135622353909188
,u_Tc,1.417154555917804,,u_Tc,1.449175475586358,,u_Tc,1.4818683460754885,,u_Tc,1.5152266324576567,,u_Tc,1.549289730322172,,u_Tc,1.6193769655466936,,u_Tc,1.6554051634054696,,u_Tc,1.6920483740914365,,u_Tc,1.7292848671234877,,u_Tc,1.767144146041351
,u_Tcy,0.0013993096213709801,,u_Tcy,0.0013992922033710968,,u_Tcy,0.001399274976845912,,u_Tcy,0.0013992575750570622,,u_Tcy,0.0013992400633640743,,u_Tcy,0.0013992057601758974,,u_Tcy,0.0013991881731750138,,u_Tcy,0.0013991710729353549,,u_Tcy,0.0013991537346725639,,u_Tcy,0.0013991364184743338
,u_Ty,0.0008097116851912743,,u_Ty,0.0008097057227116004,,u_Ty,0.0008096997245800682,,u_Ty,0.0008096938248177059,,u_Ty,0.0008096878603959997,,u_Ty,0.0008096760392392397,,u_Ty,0.0008096698910347383,,u_Ty,0.0008096640208879381,,u_Ty,0.0008096582572555257,,u_Ty,0.0008096522256388033
,u_i,1.8411442141503072,,u_i,1.8462581892069467,,u_i,1.8513459361480178,,u_i,1.8563442348208348,,u_i,1.8613365881201769,,u_i,1.8711122421690793,,u_i,1.8758965398268466,,u_i,1.880599616691241,,u_i,1.8852325155165097,,u_i,1.889798526769547
,u_i10,-0.22377027115851664,,u_i10,-0.22541253097667013,,u_i10,-0.22571507530913712,,u_i10,-0.22683862961512302,,u_i10,-0.22797974534558674,,u_i10,-0.23031507968059112,,u_i10,-0.23150945366698408,,u_i10,-0.23272275256088323,,u_i10,-0.23395527905513314,,u_i10,-0.23509794960387295
,u_i12,0.7244955144902434,,u_i12,0.728851681107098,,u_i12,0.7337512354843391,,u_i12,0.738246968019677,,u_i12,0.7427764893873379,,u_i12,0.752098302563233,,u_i12,0.7568484676205907,,u_i12,0.7616388169539138,,u_i12,0.7663512774383705,,u_i12,0.7713982682897385
,u_i4,-0.03758921672436598,,u_i4,-0.03793177922055327,,u_i4,-0.03828064656124238,,u_i4,-0.03863599430005976,,u_i4,-0.038998005439093805,,u_i4,-0.03974278117487086,,u_i4,-0.04012594631683882,,u_i4,-0.04051657692545579,,u_i4,-0.04091489267276593,,u_i4,-0.04132112338321164
,u_iy,2.122027238899904,,u_iy,2.121890005797524,,u_iy,2.1217075884280714,,u_iy,2.1214763708768314,,u_iy,2.121202466592944,,u_iy,2.1205018185135955,,u_iy,2.120074582184072,,u_iy,2.1195839397940475,,u_iy,2.119047044067159,,u_iy,2.118451071036032
,w_1,-0.3438317418040773,,w_1,-0.3432090254089324,,w_1,-0.3425853742295454,,w_1,-0.34196355651079857,,w_1,-0.34135474690005624,,w_1,-0.3400346626433993,,w_1,-0.33937367420095843,,w_1,-0.33873459721810756,,w_1,-0.338078787908217,,w_1,-0.3374092347501449
,w_2,-0.0026791373752468443,,w_2,-0.002679133772467402,,w_2,-0.0026791304780241585,,w_2,-0.002679127089558652,,w_2,-0.002679123904512817,,w_2,-0.0026791167967086743,,w_2,-0.0026791134095598005,,w_2,-0.002679110093324273,,w_2,-0.0026791064233189204,,w_2,-0.002679102912704597
,w_3,-0.046240569418864196,,w_3,-0.0462294034641308,,w_3,-0.04621820850375962,,w_3,-0.046206984104379456,,w_3,-0.04619573033728766,,w_3,-0.04617313540784954,,w_3,-0.04616176082626897,,w_3,-0.04615040021417309,,w_3,-0.04613900537512377,,w_3,-0.046126649752940126
